SubjectID,n_total_events,n_compile_errors,n_run_events,compile_error_rate,compile_success_rate,avg_score,max_score,early_avg_score,late_avg_score,score_improvement,score_trend_per_hour,session_count,activity_span_hours,unique_problems,n_early_problems,avg_attempts_early,max_attempts_early,correct_eventually_rate,at_risk_rate_early,FinalGrade,at_risk,grade_group
00c54f9462673d4c09d2a88121860841,146,36,55,0.2466,0.6044,0.6596,1.0,0.6738,,,8e-05,5,692.03,30,,,,,,,0,
033ee034918011e4e34a7f97d464261f,107,19,44,0.1776,0.6984,0.4633,1.0,0.4633,,,0.000366,4,288.47,12,,,,,,0.0,1,At-Risk
036ad3e516c5bf3a4b3be35b137bcbb8,1498,482,508,0.3218,0.5131,0.3244,1.0,0.2533,0.4284,0.175,0.000148,17,1567.24,50,30.0,10.8,30.0,,,0.772,0,Good
04c32d4d95425f73b3a1d6502aed4d48,1246,388,429,0.3114,0.5251,0.3392,1.0,0.3588,0.4192,0.0604,4.8e-05,13,1637.16,50,30.0,10.566666666666666,45.0,,,0.706,0,Good
0503bf609757acf2e75aa8cbc0d8323b,248,78,85,0.3145,0.5215,0.5461,1.0,0.6061,0.462,-0.1442,-0.000156,5,1085.82,31,21.0,2.9047619047619047,11.0,,,0.7617,0,Good
0573589c2b18bae3fa72e2082e7fb2ae,1160,352,404,0.3034,0.5344,0.2831,1.0,0.3866,0.2646,-0.122,-0.000198,4,1132.11,30,,,,,,0.0,1,At-Risk
06d801cb636235b298c40029ad9921e7,698,312,193,0.447,0.3822,0.3683,1.0,0.3352,0.4545,0.1193,0.000129,6,1670.63,40,20.0,7.4,31.0,,,0.88,0,Excellent
07ae4cca3f90a49347ccb5c1a82ff46f,269,77,96,0.2862,0.5549,0.6361,1.0,0.4931,0.9091,0.416,0.000321,5,1681.71,50,30.0,2.433333333333333,21.0,,,0.84,0,Good
07d34e2419c61216a85a2156b2cf8ae4,399,107,146,0.2682,0.5771,0.4614,1.0,0.4737,0.4373,-0.0364,-4.2e-05,10,1722.25,50,30.0,2.6,12.0,,,0.5817,0,Passing
085d5d1e61effabc440d74ac51b91d87,410,74,168,0.1805,0.6942,0.4848,1.0,0.6942,0.4709,-0.2234,-0.000106,7,1677.34,50,30.0,3.1333333333333333,10.0,,,0.94,0,Excellent
088d6dc6ddb3113e9b902711ccdfafef,329,109,110,0.3313,0.5023,0.489,1.0,0.401,0.5149,0.1139,9.5e-05,6,1708.1,50,30.0,2.2333333333333334,27.0,,,0.29,1,At-Risk
08fcb5ead4e963a6f0bbdbc971f4a3ee,811,191,310,0.2355,0.6188,0.3205,1.0,0.3786,0.3307,-0.0478,-4.7e-05,27,1676.26,49,29.0,6.620689655172414,22.0,,,0.81,0,Good
0a7ff96e4fa7c92a13ccab013d580930,418,244,87,0.5837,0.2628,0.5871,1.0,0.518,0.6667,0.1486,0.000249,4,1128.7,40,30.0,2.4,13.0,,,0.34,1,At-Risk
0aaf61723a352ba7ea1be4502df85765,939,275,332,0.2929,0.547,0.3464,1.0,0.3882,0.3694,-0.0188,-3.3e-05,19,1735.38,50,30.0,8.633333333333333,40.0,,,0.6405,0,Passing
0ae12dc3676bc09a35fe6ed96926a6b5,233,27,103,0.1159,0.7923,0.6413,1.0,0.6301,0.6764,0.0463,1.7e-05,6,1686.29,50,30.0,2.1333333333333333,13.0,,,0.6944,0,Passing
0bbeaf0242180c8abffb2b8dada5a9e4,1020,266,377,0.2608,0.5863,0.314,1.0,0.4717,0.3005,-0.1713,-8e-05,7,1684.42,40,20.0,5.05,19.0,,,0.77,0,Good
0bdf2c1f053650715e1f0c725d754b96,639,139,250,0.2175,0.6427,0.3203,1.0,0.268,0.3554,0.0874,7.1e-05,7,1439.12,39,19.0,5.684210526315789,35.0,,,0.3917,1,At-Risk
0d8e7181cecfb125aee394596b658287,172,90,41,0.5233,0.313,0.2881,1.0,0.2881,,,0.221492,2,3.23,10,,,,,,,0,
0e2cb039638d9ab503d33105ed343d7e,1018,372,323,0.3654,0.4647,0.3127,1.0,0.3619,0.3406,-0.0213,1.7e-05,16,1604.4,50,30.0,6.266666666666667,33.0,,,0.8,0,Good
0ee7e71061cf860ccf3b29c6823c7971,624,208,208,0.3333,0.5,0.3301,1.0,0.5753,0.3868,-0.1885,-4e-06,4,1757.84,30,20.0,7.3,37.0,,,0.94,0,Excellent
115c51eb37365df2d4f4e2482b964822,178,76,51,0.427,0.4016,0.8058,1.0,0.7308,0.9091,0.1783,0.000115,4,1128.11,39,29.0,1.3793103448275863,7.0,,,0.66,0,Passing
11d8ffa1c1cb79e22b6d94667d3847d9,633,205,214,0.3239,0.5107,0.42,1.0,0.388,0.4517,0.0637,7.7e-05,12,1646.28,50,30.0,4.566666666666666,16.0,,,0.4703,1,At-Risk
1379719828be9ee6b08ca64edb818e2b,731,223,254,0.3051,0.5325,0.3826,1.0,0.434,0.3032,-0.1309,-0.000131,9,1124.31,32,22.0,8.545454545454545,41.0,,,0.4553,1,At-Risk
138a14eaf4a8c188a6c41cafd9400a30,193,31,81,0.1606,0.7232,0.6431,1.0,0.61,0.8333,0.2233,0.000133,5,1686.09,20,10.0,6.9,19.0,,,0.79,0,Good
13dfe127c6d40641c7ad9fd60ef8701d,533,253,140,0.4747,0.3562,0.4071,1.0,0.2949,0.5897,0.2948,0.000286,15,1750.6,50,30.0,3.4,32.0,,,0.44,1,At-Risk
14b094aef5d2df47fa9dd009b2d6ecb1,184,44,70,0.2391,0.614,0.7208,1.0,0.6091,1.0,0.3909,0.000288,4,1680.83,40,30.0,1.9666666666666666,9.0,,,0.71,0,Good
14e676072a5b15381b6f7f33c3528215,173,37,68,0.2139,0.6476,0.7688,1.0,0.7,0.8671,0.1671,0.000121,6,1670.36,50,30.0,1.4333333333333333,7.0,,,0.34,1,At-Risk
153541c160234d5f9029608e65329ad0,20,0,10,0.0,1.0,1.0,1.0,1.0,,,0.0,2,0.76,10,,,,,,,0,
1649f854581e9c03bc2c4e06023c5b99,336,114,111,0.3393,0.4933,0.4956,1.0,0.4863,0.691,0.2047,0.000138,5,1674.64,40,30.0,3.1333333333333333,11.0,,,0.606,0,Passing
164f545c22e17e5e9298b1c84b9e3e1e,630,138,246,0.219,0.6406,0.4091,1.0,0.4149,0.3868,-0.028,-6e-05,11,1702.58,47,30.0,5.2,41.0,,,0.6633,0,Passing
16a4d8f9442ec82c5d390079cad8f194,317,85,116,0.2681,0.5771,0.5266,1.0,0.7547,0.3691,-0.3856,-0.000282,7,1680.82,50,30.0,1.8,11.0,,,0.6559999999999999,0,Passing
17737832ac17be5216f187a82c20936e,644,92,276,0.1429,0.75,0.4029,1.0,0.4717,0.2521,-0.2196,-0.000208,11,1631.32,46,30.0,7.133333333333334,18.0,,,0.535,0,Passing
17e0ce48c87a8885fe8b82c21cb17ecf,331,91,120,0.2749,0.5687,0.4849,1.0,0.4419,0.63,0.1881,0.000208,9,1653.88,50,30.0,2.7666666666666666,18.0,,,0.5428999999999999,0,Passing
18091ec91aec4f3a9a5f2aa73c0a18ca,385,253,66,0.6571,0.2069,0.5234,1.0,0.443,,,0.000595,5,654.97,30,,,,,,,0,
183f50a7700982a3ed18ff6d7a5777bf,259,41,109,0.1583,0.7267,0.6269,1.0,0.4936,0.8724,0.3788,0.000312,6,1683.38,50,30.0,2.7666666666666666,16.0,,,0.71,0,Good
184264bf0c886f2ee3198ff54561c51d,713,171,271,0.2398,0.6131,0.4371,1.0,0.506,0.4052,-0.1009,-8.1e-05,17,1707.82,48,29.0,5.793103448275862,24.0,,,0.6767,0,Passing
18d3284f148b6cb726b412b7059223ff,835,161,337,0.1928,0.6767,0.3701,1.0,0.397,0.4039,0.0069,1.4e-05,25,1699.9,50,30.0,7.533333333333333,48.0,,,0.9,0,Excellent
194309a52da9de185b531cfc697cfca8,207,53,77,0.256,0.5923,0.4512,1.0,0.4297,0.5125,0.0828,7.5e-05,5,1184.55,26,16.0,3.5625,16.0,,,0.61,0,Passing
1aaa7438a59157a0f21ad30dda4d4088,261,71,95,0.272,0.5723,0.7074,1.0,0.5421,0.8768,0.3346,0.000237,6,1679.28,50,30.0,1.8666666666666667,9.0,,,0.5,0,Passing
1aabb3fa1280144bf946da37d00c05f1,400,98,151,0.245,0.6064,0.427,1.0,0.4046,0.5647,0.1601,0.000148,7,1679.47,40,27.0,4.518518518518518,18.0,,,0.3,1,At-Risk
1b6171ff276542bd344c1600aaca6165,111,25,43,0.2252,0.6324,0.5844,1.0,0.6071,,,-8e-05,3,670.87,21,,,,,,0.0,1,At-Risk
1c7836dbabd12c458d20e3b35633733a,598,128,235,0.214,0.6474,0.5701,1.0,0.5075,0.6719,0.1644,0.000153,11,1680.2,43,28.0,4.071428571428571,11.0,,,0.36,1,At-Risk
1cbd0a834ad09f5650b3536f90478f25,155,83,36,0.5355,0.3025,0.6315,1.0,0.4913,,,0.000544,4,671.7,20,,,,,,,0,
1cd45c346398d2ee6a71296e1fa88796,962,310,326,0.3222,0.5126,0.4062,1.0,0.4905,0.4316,-0.059,-3.7e-05,15,1472.52,40,20.0,6.3,17.0,,,0.4,1,At-Risk
1d4db1fbfe9d6377c9226ff1e48b90ce,412,84,164,0.2039,0.6613,0.5908,1.0,0.3628,0.8615,0.4987,0.000329,7,1679.06,47,27.0,3.7777777777777777,11.0,,,0.4757,1,At-Risk
1de5b30a72e738862b9f25c1131f2a98,406,112,147,0.2759,0.5676,0.3322,1.0,0.3322,,,0.00059,5,309.15,20,,,,,,,0,
1f30c0ce8636ff2c424549971dcab5d8,268,90,89,0.3358,0.4972,0.651,1.0,0.635,0.5779,-0.0571,4.8e-05,5,1687.92,50,30.0,1.6666666666666667,8.0,,,0.5943999999999999,0,Passing
2053816a7f21edb8c302ed31b0bafa1f,55,17,19,0.3091,0.5278,0.469,1.0,0.469,,,-0.306918,1,0.59,10,10.0,1.9,4.0,,,0.42,1,At-Risk
2225c699a36afb253a69074cad850b00,882,272,305,0.3084,0.5286,0.3793,1.0,0.5758,0.347,-0.2288,-0.000159,10,1603.97,45,30.0,5.933333333333334,34.0,,,0.7726999999999999,0,Good
222d97000e1b90c1ed0f97e5cd9c203d,282,86,98,0.305,0.5326,0.5553,1.0,0.6382,0.5476,-0.0906,-9e-06,5,1657.55,50,30.0,1.9666666666666666,8.0,,,0.46,1,At-Risk
2258803b6e4f1ef992229c3cef66d75d,720,178,271,0.2472,0.6036,0.3843,1.0,0.4257,0.3543,-0.0715,-6e-05,12,1688.94,50,30.0,5.533333333333333,18.0,,,0.94,0,Excellent
22cd4d66fc24fc0163ac00d27c1433c5,227,79,74,0.348,0.4837,0.448,1.0,0.503,0.4262,-0.0768,1.5e-05,6,1683.99,23,10.0,2.1,5.0,,,0.66,0,Passing
231d831a778dc5cb0bd16b330a547cba,1513,915,299,0.6048,0.2463,0.2771,1.0,0.2268,0.6207,0.3938,0.000266,8,1760.54,48,30.0,8.9,68.0,,,0.48,1,At-Risk
235fba44e32ba4dd3a3f72db1a8a6846,35,3,16,0.0857,0.8421,0.7966,1.0,0.7966,,,-0.57961,1,0.33,10,,,,,,0.0,1,At-Risk
238f646b998ed51f3d0c612d5a373414,358,188,85,0.5251,0.3114,0.5714,1.0,0.4692,0.6316,0.1624,0.000318,4,1112.93,40,30.0,2.1333333333333333,9.0,,,0.22,1,At-Risk
246e28f16369b577bd206cfa3b36295c,469,275,97,0.5864,0.2608,0.5758,1.0,0.5867,0.8333,0.2467,0.000176,6,1680.03,50,,,,,,0.0,1,At-Risk
24a7ffe3bda20532c5f116825ff5dfcf,194,40,77,0.2062,0.6581,0.7018,1.0,0.6825,0.6143,-0.0682,-3.3e-05,9,1604.0,50,30.0,1.3666666666666667,6.0,,,0.5761,0,Passing
24b7e056016caf9dd296647bf0d59905,496,178,159,0.3589,0.4718,0.4262,1.0,0.3712,0.5868,0.2155,0.000193,7,1681.86,50,30.0,4.0,17.0,,,0.38,1,At-Risk
24bdf19471ff9ff91a2aed47a747ca4e,787,225,281,0.2859,0.5553,0.3447,1.0,0.4618,0.3676,-0.0942,-5.7e-05,14,1680.34,50,30.0,6.633333333333334,33.0,,,0.8275,0,Good
266c430a5f40c90947ba9db582a37f54,389,113,138,0.2905,0.5498,0.4355,1.0,0.5257,0.5013,-0.0244,2.9e-05,6,1752.19,50,30.0,3.1666666666666665,11.0,,,0.6711,0,Passing
2677c94cc946bd788a3828099d6bcd49,733,209,262,0.2851,0.5563,0.372,1.0,0.4053,0.4,-0.0053,-1e-06,15,1585.12,50,30.0,6.1,55.0,,,0.74,0,Good
26ad18ebce74087e6885d52a53bd72ae,1040,414,313,0.3981,0.4305,0.3242,1.0,0.2664,0.6296,0.3632,0.000306,16,1614.48,50,30.0,9.266666666666667,53.0,,,0.4016,1,At-Risk
27059a11c58ade9b03bde05c2ca7c285,222,64,79,0.2883,0.5524,0.4517,1.0,0.6608,0.2867,-0.3741,-0.000234,7,1784.08,37,28.0,1.7142857142857142,10.0,,,0.435,1,At-Risk
279dc09a13b9dc662c574a804d650d95,698,124,287,0.1777,0.6983,0.5176,1.0,0.5629,0.5346,-0.0283,-6e-06,10,1672.68,50,30.0,4.8,18.0,,,0.8644,0,Excellent
27a5eaafdb88c45dd61732d6a6493421,32,4,14,0.125,0.7778,0.7857,1.0,0.7857,,,0.079139,2,2.18,10,,,,,,,0,
288d7e4b1fa80acd699c8287ec363e12,143,31,56,0.2168,0.6437,0.7612,1.0,0.5285,0.9524,0.4239,0.000295,5,1680.62,39,20.0,1.7,7.0,,,0.612,0,Passing
29a83a8a9641bb860a679d7e5ba52d26,1299,363,468,0.2794,0.5632,0.2827,1.0,0.2567,0.3827,0.1259,0.000118,15,1677.86,50,30.0,10.4,52.0,,,0.7234999999999999,0,Good
29b2cd4a11745fefecc14912d2f95dd8,151,39,56,0.2583,0.5895,0.5869,1.0,0.3871,0.8864,0.4993,0.000352,4,1394.82,30,20.0,2.15,10.0,,,0.88,0,Excellent
2b8248d6e484fd4c09f3e0102f1dfd14,276,64,106,0.2319,0.6235,0.542,1.0,0.5715,0.4939,-0.0776,-4.1e-05,5,1659.13,50,30.0,2.0,6.0,,,0.706,0,Good
2caad38a4e3a8f3f61537412ef7aa439,362,100,131,0.2762,0.5671,0.498,1.0,0.4805,0.5294,0.0489,8e-05,4,1683.66,40,20.0,3.8,10.0,,,0.5417000000000001,0,Passing
2d0122e6c17cdb89f8eed4d75b5f5eef,717,113,302,0.1576,0.7277,0.4075,1.0,0.52,0.447,-0.073,-2.1e-05,19,1704.93,49,29.0,5.586206896551724,24.0,,,0.82,0,Good
2d66aed7a5328a988f77cbaec59fc047,738,262,238,0.355,0.476,0.3251,1.0,0.2682,0.3781,0.1099,0.000101,10,1681.7,46,26.0,5.923076923076923,18.0,,,0.8,0,Good
2df41f38afef75d8c599483001daf2e1,2681,449,1116,0.1675,0.7131,0.4119,1.0,0.4859,0.4022,-0.0837,-4.5e-05,21,1713.09,50,30.0,21.1,86.0,,,0.86,0,Excellent
2e09811007f834b96935dc13e91fabbc,777,221,278,0.2844,0.5571,0.4144,1.0,0.3888,0.5014,0.1126,8.6e-05,12,1705.46,49,30.0,7.2,35.0,,,0.4067,1,At-Risk
2e0a791950a53842e60d83295368cdff,284,64,110,0.2254,0.6322,0.6365,1.0,0.6759,0.6813,0.0054,-1.7e-05,5,1120.29,39,29.0,2.689655172413793,7.0,,,0.88,0,Excellent
2e667fca5e24ac13dcee94ddc4aa751a,34,4,15,0.1176,0.7895,0.7333,1.0,,,,2.929913,1,0.31,10,,,,,,0.0,1,At-Risk
2e945b99f24f789d68d85ee332131c93,501,159,171,0.3174,0.5182,0.4096,1.0,0.3337,0.5482,0.2145,0.000194,9,1656.56,50,30.0,4.2,10.0,,,0.5932999999999999,0,Passing
2f093e72fa038b855c80131ec3fba75c,1016,346,335,0.3406,0.4919,0.364,1.0,0.4288,0.377,-0.0517,-2.7e-05,29,1698.6,50,30.0,6.9,26.0,,,0.88,0,Excellent
2f0f2f6da6992b9ca06b907a9e803296,319,139,90,0.4357,0.393,0.6242,1.0,0.5032,0.7917,0.2884,0.000251,5,1606.11,48,28.0,2.2857142857142856,19.0,,,0.54,0,Passing
2f27e0f4118efff145aeecd8367fbb37,846,456,195,0.539,0.2995,0.5175,1.0,0.4581,0.6181,0.1599,0.000246,9,1647.35,50,30.0,4.066666666666666,18.0,,,0.5433,0,Passing
2f5c6c71d7605196314fc5e5873e4dc5,538,156,191,0.29,0.5504,0.3629,1.0,0.3195,0.4314,0.1119,5.6e-05,18,1647.96,50,30.0,3.966666666666667,17.0,,,0.84,0,Good
306b0c0a95972617146049ce1a9a1613,157,53,52,0.3376,0.4952,0.765,1.0,0.6819,0.8421,0.1602,0.000104,5,1603.82,37,20.0,1.6,5.0,,,0.7103,0,Good
30f607dcab85f4577f6935084e733fd2,86,38,24,0.4419,0.3871,0.5749,1.0,0.5749,,,0.009002,2,69.84,10,,,,,,,0,
3131a4cd22542b79134fe80f69f5b6ca,227,59,84,0.2599,0.5874,0.6664,1.0,0.5404,0.9091,0.3687,0.000306,5,1664.21,50,30.0,2.066666666666667,8.0,,,0.6412,0,Passing
319e33a217f7368ff7ceef7731ccf024,529,179,175,0.3384,0.4944,0.426,1.0,0.4325,0.5366,0.1041,8.4e-05,11,1682.2,50,30.0,4.033333333333333,12.0,,,0.8522,0,Excellent
33192f6b62911c61d4073ef0f9923420,343,105,119,0.3061,0.5312,0.5585,1.0,0.5638,0.5401,-0.0237,-3.5e-05,7,1684.22,48,28.0,2.5,13.0,,,0.63,0,Passing
33edf41c0becd0d57c35c4e27276617b,589,301,144,0.511,0.3236,0.2988,1.0,0.2965,0.2551,-0.0414,-4.2e-05,5,1679.16,29,22.0,5.136363636363637,14.0,,,0.7272,0,Good
34b99cc2f738d8a132faea2e0cc4c13b,112,2,55,0.0179,0.9649,0.9627,1.0,1.0,0.9091,-0.0909,-4.1e-05,6,1675.84,50,30.0,1.0333333333333334,2.0,,,0.56,0,Passing
356fbc3c3158bc7a5932461b635064a2,687,133,277,0.1936,0.6756,0.4796,1.0,0.5562,0.3921,-0.1641,-0.000154,14,1694.39,44,30.0,6.533333333333333,29.0,,,0.5728,0,Passing
3574cbb1010b32b07dd7f645153ee35c,194,58,68,0.299,0.5397,0.3071,1.0,0.3071,,,0.464301,1,1.24,10,,,,,,0.0,1,At-Risk
36fb4d8a9e7e1c0953cd80bbac2e50f0,554,206,174,0.3718,0.4579,0.1442,1.0,0.09,0.2098,0.1197,0.000121,19,1712.94,33,18.0,5.611111111111111,14.0,,,0.34,1,At-Risk
376dc62eeb4b777df0f1e58a91a7818f,585,155,215,0.265,0.5811,0.4355,1.0,0.5365,0.3819,-0.1546,-0.000117,10,1705.99,45,30.0,4.733333333333333,14.0,,,0.84,0,Good
37a2dff33c3da75c1ea08be45a9f8da6,364,116,124,0.3187,0.5167,0.3686,1.0,0.3966,,,-0.000199,8,670.23,30,,,,,,,0,
37b1fe960daba91fffadbdb5a3a9db15,729,151,289,0.2071,0.6568,0.3329,1.0,0.4031,0.2845,-0.1186,-9.7e-05,8,1685.64,41,24.0,8.125,37.0,,,0.6017,0,Passing
37bd8b4bb1cea47935613348ad16c660,679,221,229,0.3255,0.5089,0.3704,1.0,0.3446,0.3703,0.0257,1.6e-05,13,1685.49,50,30.0,4.666666666666667,18.0,,,0.88,0,Excellent
380714d486fbd50c0c9dfc7e4d8be9f7,252,56,98,0.2222,0.6364,0.5843,1.0,0.5696,0.6009,0.0313,1e-05,5,1682.76,39,,,,,,0.0,1,At-Risk
3ab9a9924133b76cdd88db6e7b2734da,97,29,34,0.299,0.5397,0.4253,1.0,0.4253,,,0.039638,3,13.16,10,,,,,,0.0,1,At-Risk
3abb5691502cbd522511147519f8a487,479,207,136,0.4322,0.3965,0.4301,1.0,0.3034,0.5505,0.2472,0.00021,10,1684.65,50,30.0,3.1666666666666665,36.0,,,0.5017,0,Passing
3b0cc5f591dd5b8dacb0c8e01546b2b4,524,156,184,0.2977,0.5412,0.3908,1.0,0.7344,0.419,-0.3153,-8.5e-05,11,1686.32,38,20.0,5.55,16.0,,,0.8689,0,Excellent
3b661d671740495716434a3ba797c6f2,679,163,258,0.2401,0.6128,0.4257,1.0,0.5861,0.4646,-0.1215,-3e-05,16,1683.05,50,30.0,5.566666666666666,27.0,,,0.904,0,Excellent
3bbbc60ff463969b78a091ff51ac6566,132,54,39,0.4091,0.4194,0.368,1.0,0.368,,,-0.001587,3,293.76,12,,,,,,0.0,1,At-Risk
3c82c42719365742090eb207695a1055,638,194,222,0.3041,0.5337,0.443,1.0,0.5239,0.4793,-0.0446,-8e-06,9,1388.41,37,17.0,6.705882352941177,23.0,,,0.79,0,Good
3e53ca3d4e69bc938071715257cc62b9,169,55,57,0.3254,0.5089,0.3734,1.0,0.424,,,-0.000135,2,670.11,20,20.0,2.85,8.0,,,0.495,1,At-Risk
3f7c70f2a2831ebfb908d7d829f2e99d,84,4,40,0.0476,0.9091,0.6629,1.0,0.6629,,,-1.7e-05,3,94.64,10,,,,,,,0,
4001d4deb84960a46967e0676a191708,17,3,7,0.1765,0.7,0.5055,1.0,,,,3.911409,1,0.07,1,1.0,3.0,3.0,,,0.46,1,At-Risk
40195594f1244e7ec627b1c6a5a35585,1243,545,349,0.4385,0.3904,0.2956,1.0,0.3278,0.2753,-0.0525,-3.7e-05,12,1675.27,33,13.0,10.153846153846153,39.0,,,0.7029000000000001,0,Good
4129304d04cff4cb688585ffd88c45fd,514,148,183,0.2879,0.5529,0.3392,1.0,0.3607,0.2961,-0.0645,-9.5e-05,14,1681.33,48,28.0,2.7857142857142856,9.0,,,0.8,0,Good
4204dc3a11678c6b1d0be57cfe0a21b0,483,95,194,0.1967,0.6713,0.4653,1.0,0.4735,0.4314,-0.0421,-6.2e-05,22,1741.58,50,30.0,4.433333333333334,12.0,,,0.7,0,Good
4223a1d5b9e017dda51515829140e5d2,755,375,190,0.4967,0.3363,0.2887,1.0,0.204,,,0.001037,2,678.01,20,20.0,8.7,47.0,,,0.44,1,At-Risk
4346ad94c2790cac390e684155a2ecba,550,200,175,0.3636,0.4667,0.3044,1.0,0.3382,0.2911,-0.0471,-3.3e-05,15,1708.83,40,30.0,4.4,22.0,,,0.4844,1,At-Risk
43a87a86ea9aee0255325e2865d6b503,1625,783,421,0.4818,0.3497,0.3913,1.0,0.3097,0.4131,0.1034,6.2e-05,13,1611.36,47,30.0,6.833333333333333,31.0,,,0.67,0,Passing
4479d4f0fe2b922b8ab8875c429c0a72,226,70,78,0.3097,0.527,0.5252,1.0,0.4532,0.6417,0.1885,0.000115,8,1709.06,31,21.0,2.9047619047619047,9.0,,,0.72,0,Good
44e55ed981c434536b85d307e6215b26,503,137,183,0.2724,0.5719,0.3816,1.0,0.4575,0.2049,-0.2527,-0.000191,10,1412.77,15,12.0,11.833333333333334,22.0,,,0.5893,0,Passing
450ad5ed12c018f57a29c8f0ea7008ff,816,196,310,0.2402,0.6126,0.3905,1.0,0.4257,0.4263,0.0006,-1.4e-05,13,1705.73,50,30.0,6.033333333333333,23.0,,,0.92,0,Excellent
45e0e538b89751332e2055013fe7ac3e,345,143,101,0.4145,0.4139,0.371,1.0,0.5257,0.3156,-0.2102,-0.000149,9,1686.09,24,14.0,4.428571428571429,9.0,,,0.7417,0,Good
468cbac056133a996283cca7e2976336,685,207,239,0.3022,0.5359,0.3674,1.0,0.4258,0.4249,-0.0009,4.3e-05,12,1674.94,37,17.0,8.294117647058824,77.0,,,0.675,0,Passing
47c25f64f2b40398afb5cd9e67e53f28,510,146,182,0.2863,0.5549,0.445,1.0,0.5371,0.3309,-0.2062,-0.000166,10,1700.28,50,30.0,2.6,11.0,,,0.9044,0,Excellent
48090e338b20a9d004c2ef18a335f3cf,344,144,100,0.4186,0.4098,0.4853,1.0,0.6509,0.445,-0.2059,-0.000124,5,1568.41,40,20.0,2.3,9.0,,,0.84,0,Good
4915f20d2c36611cb101e95e5c34b4e7,116,86,15,0.7414,0.1485,0.7333,1.0,0.7333,,,3.908406,1,0.22,10,,,,,,,0,
4a914e5c38172ae9b61780ffbd0b2f90,706,218,244,0.3088,0.5281,0.3591,1.0,0.4899,0.3703,-0.1196,-2.6e-05,11,1704.93,39,19.0,6.052631578947368,20.0,,,0.8244,0,Good
4c4f120e57ea9448ccb7a07c48df40ff,454,146,154,0.3216,0.5133,0.2967,1.0,0.5413,0.2266,-0.3147,-0.000219,13,1679.3,33,13.0,2.8461538461538463,5.0,,,0.5144,0,Passing
4ca987e02bbbf558114f8c0633e2c7ac,321,227,47,0.7072,0.1715,0.0741,1.0,0.0741,,,0.051785,1,0.89,6,,,,,,,0,
4d230b683bf9840553ae57f4acc96e81,592,170,211,0.2872,0.5538,0.4762,1.0,0.6995,0.4801,-0.2194,-8.9e-05,14,1629.81,50,30.0,3.7333333333333334,26.0,,,0.92,0,Excellent
4d410063822cd9be28f86701c0bc3a31,792,288,252,0.3636,0.4667,0.2961,1.0,0.2564,0.4203,0.164,0.000161,14,1752.86,32,18.0,11.277777777777779,64.0,,,0.42,1,At-Risk
4de1ed74128a96a8b5900186486aacba,196,46,75,0.2347,0.6198,0.557,1.0,1.0,0.4888,-0.5112,-0.000182,4,1676.44,30,10.0,1.0,1.0,,,0.79,0,Good
4f9ef38edcfc460a00cbb8ed5dee299c,429,125,152,0.2914,0.5487,0.5082,1.0,0.4837,0.7226,0.2389,0.000159,12,1661.73,50,30.0,3.8333333333333335,14.0,,,0.5617,0,Passing
5165bb7092845d883f5d8fd52d1f32b5,421,201,110,0.4774,0.3537,0.4874,1.0,0.3472,0.7407,0.3935,0.000315,5,1655.6,50,30.0,2.7666666666666666,13.0,,,0.6,0,Passing
51b2e138a07e3570fb7147311365a5eb,743,221,261,0.2974,0.5415,0.3522,1.0,0.3803,0.3078,-0.0725,-1.2e-05,17,1685.51,49,29.0,5.0344827586206895,18.0,,,0.6344,0,Passing
51cdbd2611e844ece5d80878eb770436,226,90,68,0.3982,0.4304,0.7621,1.0,0.7692,0.7778,0.0085,4.9e-05,5,1675.54,50,30.0,1.3666666666666667,4.0,,,0.8382999999999999,0,Good
51ef70624ca791283ec434a52da0d4e2,1972,638,667,0.3235,0.5111,0.332,1.0,0.3629,0.3514,-0.0115,-4e-06,11,1692.18,50,30.0,14.333333333333334,71.0,,,0.7429000000000001,0,Good
5364de2e6064f4d8a13c960b970b9f24,658,176,241,0.2675,0.5779,0.4357,1.0,0.4538,0.5583,0.1045,7.2e-05,15,1631.58,50,30.0,5.9,21.0,,,0.7111,0,Good
547dcee2f9ccacd21cb7a6a758ca8697,1998,520,739,0.2603,0.587,0.3846,1.0,0.4403,0.4496,0.0093,3.7e-05,13,1683.55,50,30.0,15.8,93.0,,,0.8083,0,Good
54d0ad877584296abb129e2e4f60ee67,595,177,209,0.2975,0.5415,0.4639,1.0,0.4248,0.8064,0.3816,0.000254,10,1685.42,50,30.0,5.766666666666667,23.0,,,0.6684,0,Passing
54eb551059f626c9e2682813fff354a8,317,79,119,0.2492,0.601,0.3825,1.0,0.1615,0.4066,0.2451,0.000106,13,1705.73,30,10.0,4.1,14.0,,,0.5540999999999999,0,Passing
54ecc28e9508fcf28363014b0d1b4eb8,605,171,217,0.2826,0.5593,0.4851,1.0,0.4169,0.5776,0.1607,0.000148,13,1705.15,50,30.0,4.9,25.0,,,0.74,0,Good
55f04ea8d0761b7aff9d21f23ebcbfef,799,289,255,0.3617,0.4688,0.31,1.0,0.5054,0.2405,-0.2649,-0.000281,19,1682.5,39,30.0,6.766666666666667,28.0,,,0.6864,0,Passing
56de534cf589f6d0ca09630db803ba00,869,211,329,0.2428,0.6093,0.3626,1.0,0.5251,0.391,-0.134,-0.000169,10,1083.0,40,30.0,7.4,28.0,,,0.8417,0,Good
580274a213455c56684ab9f6e7a9995a,708,80,314,0.113,0.797,0.4347,1.0,0.6169,0.3765,-0.2404,-0.000141,13,1703.88,50,30.0,5.933333333333334,27.0,,,0.82,0,Good
58426cf937eb05143f82b6d41e8968bd,314,82,116,0.2611,0.5859,0.5915,1.0,0.4677,0.7288,0.261,0.000229,6,1632.9,50,30.0,2.466666666666667,7.0,,,0.58,0,Passing
58a64841d710f8f56ebebb6aeba57a98,572,320,126,0.5594,0.2825,0.2391,1.0,0.2391,,,0.08572,1,2.71,10,,,,,,,0,
58c2ac6f92a1c369e00bcb3a28af2d18,235,83,76,0.3532,0.478,0.4976,1.0,0.5144,0.4536,-0.0608,-5.5e-05,9,1215.9,30,20.0,2.75,9.0,,,0.5143,0,Passing
58fe2003170159fd68519b7f9840fdb2,741,289,226,0.39,0.4388,0.3279,1.0,0.3166,0.2891,-0.0275,5e-06,9,1726.52,50,30.0,4.9,19.0,,,0.5531,0,Passing
59c3a5e4aab2b411b56805200085e4c2,762,252,255,0.3307,0.503,0.3799,1.0,0.3898,0.4782,0.0885,8e-05,14,1676.49,50,30.0,5.766666666666667,22.0,,,0.476,1,At-Risk
5a20abd7831fa1ebd199086e4a69a49a,1213,459,377,0.3784,0.451,0.3359,1.0,0.3355,0.3936,0.0581,7.6e-05,10,1748.16,44,30.0,9.333333333333334,43.0,,,0.9,0,Excellent
5a834ec7e9dc45a5fae01dc7497e534f,405,87,159,0.2148,0.6463,0.474,1.0,0.6222,0.4743,-0.1479,-6.8e-05,11,1673.33,50,30.0,3.066666666666667,19.0,,,0.8217,0,Good
5a87c42972dfb55ff9cdb144a3ba5cc3,550,104,223,0.1891,0.682,0.4032,1.0,0.4319,0.4468,0.0148,3.5e-05,16,1674.29,50,30.0,5.3,29.0,,,0.8644,0,Excellent
5ae81daa87d6649df09002741e5b1738,264,64,100,0.2424,0.6098,0.474,1.0,0.4747,0.4951,0.0204,2e-05,5,864.69,30,20.0,3.65,19.0,,,0.552,0,Passing
5b3a93d103a66345e5d404c61c5b5081,242,90,76,0.3719,0.4578,0.3113,1.0,,0.2915,,-9.4e-05,2,460.88,20,10.0,3.5,7.0,,,0.32,1,At-Risk
5beb66e0254ebe2034311db439939e76,792,296,248,0.3737,0.4559,0.3586,1.0,0.3042,0.4981,0.1939,0.000337,8,1129.86,39,,,,,,,0,
5d5945691b9139b2876f663bba098c83,162,34,64,0.2099,0.6531,0.8387,1.0,0.7398,0.9524,0.2126,0.000151,5,1658.85,50,30.0,1.4333333333333333,6.0,,,0.89,0,Excellent
5dae854cd11d11715c91b6ce80f46b7c,787,119,334,0.1512,0.7373,0.3869,1.0,0.405,0.4995,0.0944,4.8e-05,21,1682.52,48,30.0,8.733333333333333,42.0,,,0.92,0,Excellent
5dc624e80d9ab94e3229ec29f675c19d,365,103,131,0.2822,0.5598,0.4986,1.0,0.4627,0.7188,0.2561,0.000152,8,1610.09,50,30.0,3.2333333333333334,10.0,,,0.4329,1,At-Risk
5f745f6c801324b8334d1ec452b5740f,892,296,298,0.3318,0.5017,0.3477,1.0,0.4823,0.6475,0.1652,1e-05,15,1728.82,50,30.0,8.0,55.0,,,0.8844,0,Excellent
604541b9b9f266538ed001ea49fcc956,643,289,177,0.4495,0.3798,0.4612,1.0,0.4052,0.6653,0.2601,0.000227,13,1726.59,50,30.0,4.866666666666666,25.0,,,0.48,1,At-Risk
60bba73587de9c81e7eb9a508ef928b7,412,68,172,0.165,0.7167,0.5083,1.0,0.5493,0.5429,-0.0064,-3e-06,15,1699.14,43,23.0,4.217391304347826,16.0,,,0.71,0,Good
60c4a88bac6125d490af523a8c94e5e1,81,21,30,0.2593,0.5882,0.3734,1.0,,,,0.062822,2,9.33,10,10.0,3.0,14.0,,,0.4,1,At-Risk
61d584107d2d965b4bc26d8c9958b518,297,163,67,0.5488,0.2913,0.014,0.7826,0.0157,0.0,-0.0157,-1.9e-05,4,1029.28,5,4.0,15.5,24.0,,,0.38,1,At-Risk
625d2d3101c23c47a46984741c232fed,194,44,75,0.2268,0.6303,0.6763,1.0,0.6667,0.628,-0.0387,-7.6e-05,11,1704.06,50,30.0,1.4,4.0,,,0.4804,1,At-Risk
62ef6dc6cdbfc1c60305b7d3d9a420a6,269,83,93,0.3086,0.5284,0.6256,1.0,0.8622,0.5791,-0.2831,-6.7e-05,7,1675.7,46,30.0,1.6333333333333333,7.0,,,0.5783,0,Passing
630d790d0716246ca1aa250a6f86f755,603,313,145,0.5191,0.3166,0.5978,1.0,0.5146,0.7755,0.2609,0.000223,8,1649.3,50,30.0,3.6333333333333333,37.0,,,0.4,1,At-Risk
631fe0c7519b232b0a0f6b965af015a9,599,243,178,0.4057,0.4228,0.3232,1.0,0.3077,0.5118,0.2041,0.000115,6,1746.0,30,20.0,6.6,40.0,,,0.92,0,Excellent
6356d91dc6015575d84dc35e14ef20e3,546,100,223,0.1832,0.6904,0.5395,1.0,0.5749,0.5209,-0.054,-5e-05,8,1701.53,50,30.0,3.466666666666667,14.0,,,0.8283,0,Good
636b1370d6dfae91f2042eef96c994b1,371,45,163,0.1213,0.7837,0.5778,1.0,0.548,0.5977,0.0498,5.5e-05,8,1651.63,50,30.0,3.2333333333333334,15.0,,,0.8842,0,Excellent
63ea3fef646010a7255aec506626ea32,368,160,104,0.4348,0.3939,0.5476,1.0,0.3993,0.8095,0.4102,0.00033,11,1751.04,47,30.0,2.6333333333333333,16.0,,,0.4,1,At-Risk
6412121cbb2dc2cb9e460cfee7046be2,372,66,153,0.1774,0.6986,0.3758,1.0,0.5061,0.3051,-0.2009,-0.000139,6,1682.24,41,22.0,2.8636363636363638,10.0,,,0.7817000000000001,0,Good
646e69d6e105d351e4e31a2e02a69b0e,758,242,258,0.3193,0.516,0.4988,1.0,0.4732,0.5839,0.1108,0.000125,14,1634.68,50,30.0,4.4,15.0,,,0.611,0,Passing
649adc59afdef2a8b9e943f94a04b02f,354,160,97,0.452,0.3774,0.4205,1.0,0.3673,,,0.000556,8,737.41,30,,,,,,,0,
64dc9a6c0360fbe40c49a20e4c0aaa6f,1110,288,411,0.2595,0.588,0.4056,1.0,0.4429,0.4311,-0.0118,2e-06,31,1697.07,50,30.0,8.833333333333334,29.0,,,0.7656999999999999,0,Good
64f9f403cbe1b6f341975cfa85484349,467,97,185,0.2077,0.656,0.4772,1.0,0.5191,0.4203,-0.0988,-9.1e-05,12,1683.16,50,30.0,3.3666666666666667,14.0,,,0.88,0,Excellent
65a2e5f265ac3d8ee8e39ff5d2bb3f96,218,70,74,0.3211,0.5139,0.4709,1.0,0.4401,,,0.000311,4,673.88,30,,,,,,0.0,1,At-Risk
65a5e77645ee9f1918165a0a8c503297,121,21,50,0.1736,0.7042,0.7987,1.0,0.8333,0.6154,-0.2179,-0.00019,4,1130.14,40,,,,,,0.0,1,At-Risk
65a99bb7a3115fdede20da98b08a370f,249,47,101,0.1888,0.6824,0.5756,1.0,0.4328,0.6654,0.2326,0.000178,8,1685.27,41,21.0,2.8095238095238093,18.0,,,0.5951,0,Passing
65be44ae7088566069cc3bef454174a7,280,154,63,0.55,0.2903,0.6349,1.0,0.5556,0.7143,0.1587,8.7e-05,6,1681.88,40,30.0,1.6333333333333333,6.0,,,0.36,1,At-Risk
65f4086dbc18fa214f5a7a49bf55b981,526,174,176,0.3308,0.5029,0.3908,1.0,0.3936,0.3869,-0.0067,1.8e-05,9,1750.37,43,30.0,4.1,11.0,,,0.3917,1,At-Risk
6646b06b90bd13dabc11ddba01270d23,125,31,47,0.248,0.6026,0.476,1.0,0.476,,,0.000958,3,209.28,20,,,,,,,0,
66e8d052ec2230c66bd11ee6b5a0e3c8,575,131,222,0.2278,0.6289,0.4418,1.0,0.4529,0.4904,0.0376,1e-05,25,1680.47,47,27.0,4.333333333333333,12.0,,,0.7817000000000001,0,Good
67baaa05759c5f8da208f540ff782a5f,72,8,32,0.1111,0.8,0.6356,1.0,0.6111,0.3158,-0.2953,-0.000234,4,787.82,13,12.0,2.3333333333333335,6.0,,,0.9,0,Excellent
6910a0f1eff035477ff9f52993ebf0b1,794,292,251,0.3678,0.4622,0.2397,1.0,0.1809,0.2709,0.0901,0.000103,9,1671.76,38,19.0,5.421052631578948,13.0,,,0.537,0,Passing
6a59767ffedbb0c50130b5f43340d816,300,102,99,0.34,0.4925,0.5516,1.0,0.4557,0.7643,0.3086,0.00022,8,1584.11,50,30.0,2.4,7.0,,,0.41,1,At-Risk
6a6caa12c63ac1c2f2b7d967b512887d,67,21,23,0.3134,0.5227,0.3378,1.0,0.0,,,0.000711,4,729.11,9,,,,,,0.0,1,At-Risk
6b41fd33b36a1ce27fc0a3b8f9d8df4c,20,0,10,0.0,1.0,1.0,1.0,1.0,,,0.0,1,0.28,10,,,,,,,0,
6d0893ce02e4926539d6f7e0601c6161,440,78,181,0.1773,0.6988,0.4763,1.0,0.5317,0.4706,-0.0611,2.2e-05,10,1331.98,40,20.0,4.75,15.0,,,0.82,0,Good
6de0f2761a44ff1e2ca60131058d8297,207,53,77,0.256,0.5923,0.5385,1.0,0.4914,,,0.000319,3,670.54,30,,,,,,,0,
6e2c22ab08479b1da4206a0c5d7da31e,390,242,74,0.6205,0.2342,0.3952,1.0,0.4238,,,-0.000622,5,675.82,11,,,,,,,0,
6ec3ff0c922ce84561ce5162f912b47e,171,49,61,0.2865,0.5545,0.454,1.0,0.4719,,,-6.5e-05,9,677.99,20,20.0,2.9,9.0,,,0.44,1,At-Risk
6f7bc4baeb295716fa1dbbf64887fcff,556,56,250,0.1007,0.817,0.4877,1.0,0.5385,0.4876,-0.0509,-7.2e-05,10,1684.94,50,30.0,5.666666666666667,34.0,,,0.94,0,Excellent
700fe688ff2970d633ff04c9b7f7cdd4,121,13,54,0.1074,0.806,0.7741,1.0,0.6,0.875,0.275,0.000171,4,1418.18,40,20.0,1.5,4.0,,,0.62,0,Passing
7048a4636546df0025a5a78b0fc517c0,465,119,173,0.2559,0.5925,0.422,1.0,0.495,0.4558,-0.0392,-5e-06,14,1675.76,50,30.0,3.8666666666666667,20.0,,,0.9,0,Excellent
70cf1f7eb14c9f52277f07e84a2775f3,607,203,202,0.3344,0.4988,0.559,1.0,0.6659,0.5122,-0.1536,-0.000132,10,1709.33,50,30.0,4.0,14.0,,,0.7417,0,Good
717fb24cc33821afb4bcd529696cdfce,747,265,241,0.3548,0.4763,0.3541,1.0,0.3947,0.3617,-0.033,-1e-06,27,1677.93,50,30.0,5.0,15.0,,,0.88,0,Excellent
71ffa17407d66e134442eebb32d330ec,545,85,230,0.156,0.7302,0.4948,1.0,0.6006,0.4519,-0.1487,-0.000123,11,1649.05,50,30.0,5.2,19.0,,,0.98,0,Excellent
72fa288df9f22f7167dff80cf89fd4e5,348,118,115,0.3391,0.4936,0.3345,1.0,0.2667,,,0.001169,3,640.8,30,,,,,,0.0,1,At-Risk
735dd629ab696e3a1bfcc0fe0d687bb1,377,77,150,0.2042,0.6608,0.5911,1.0,0.5149,0.7692,0.2543,0.000252,11,1582.49,50,30.0,4.033333333333333,26.0,,,0.54,0,Passing
73a2ef803debeee21de0e42f9c91aa6c,264,60,102,0.2273,0.6296,0.6124,1.0,0.5699,0.5848,0.0149,1.1e-05,5,1616.09,41,30.0,2.0,5.0,,,0.67,0,Passing
74249bfb363306265299ac4ec44d3cb6,172,50,61,0.2907,0.5495,0.394,1.0,,0.3686,,-5.9e-05,2,1009.05,16,8.0,3.25,9.0,,,0.81,0,Good
746206d63610c80c08bdf440226b462a,790,154,318,0.1949,0.6737,0.4081,1.0,0.3472,0.4825,0.1352,9.1e-05,16,1650.96,50,30.0,6.2,28.0,,,0.96,0,Excellent
75429d136f65d2d6168b9b6c5f6ec951,155,69,43,0.4452,0.3839,0.8837,1.0,0.9524,0.6667,-0.2857,-0.000191,4,1676.15,39,29.0,1.0344827586206897,2.0,,,0.92,0,Excellent
762409ca2be073c4a6ca7962d7c72a30,675,307,184,0.4548,0.3747,0.3902,1.0,0.3559,,,0.000619,4,677.49,30,30.0,5.466666666666667,20.0,,,0.76,0,Good
76379ed89eafe43c8f6bd64fd09e3852,254,90,82,0.3543,0.4767,0.6428,1.0,0.6678,0.625,-0.0428,-2e-05,5,1630.58,50,30.0,1.6666666666666667,6.0,,,0.84,0,Good
76a271c64a315732aa56eeb7277a63d4,443,79,182,0.1783,0.6973,0.5174,1.0,0.6421,0.557,-0.0851,-1.1e-05,9,1659.5,50,30.0,3.7333333333333334,16.0,,,0.96,0,Excellent
76c073d8a82d9ddaf993300be03ac70f,316,124,96,0.3924,0.4364,0.5902,1.0,0.503,0.625,0.122,0.000195,7,1675.22,50,30.0,2.1333333333333333,19.0,,,0.57,0,Passing
76d0863b5d13a9ed61f7df9149fb93d8,1550,592,479,0.3819,0.4472,0.3106,1.0,0.324,0.3929,0.0689,0.000104,29,1681.28,50,30.0,10.633333333333333,60.0,,,0.7304,0,Good
76fb6fb9cbea7011e49166d9d4ddbc48,279,63,108,0.2258,0.6316,0.4579,1.0,0.5452,0.5004,-0.0449,2.6e-05,12,1707.37,40,20.0,2.65,9.0,,,0.88,0,Excellent
785cf0a5def4977e0210f07e0f925fa1,459,131,164,0.2854,0.5559,0.2879,1.0,0.2924,0.2848,-0.0076,5e-06,5,1418.9,28,9.0,7.444444444444445,14.0,,,0.94,0,Excellent
787e8665307884350308429f4fc60451,585,127,229,0.2171,0.6433,0.4318,1.0,0.5078,0.3623,-0.1455,-0.000197,8,1108.31,39,30.0,6.0,27.0,,,0.7383,0,Good
7903be1cbb0d9fa21a7b898150f02368,1710,566,572,0.331,0.5026,0.3496,1.0,0.2804,0.4192,0.1389,9.7e-05,20,1654.46,50,30.0,8.033333333333333,32.0,,,0.6184000000000001,0,Passing
790ed1befbc24b257db60ed066b6d3cb,805,239,283,0.2969,0.5421,0.3997,1.0,0.5307,0.3068,-0.224,-0.000146,11,1685.19,40,30.0,7.666666666666667,34.0,,,0.4717,1,At-Risk
793aaa24e931c05d077f434e33485574,492,174,159,0.3537,0.4775,0.3989,1.0,0.3911,0.4402,0.0491,-5e-06,10,1680.52,44,30.0,3.7666666666666666,35.0,,,0.82,0,Good
79bb27cfac1ddee3267dcd929f6703ac,298,98,100,0.3289,0.5051,0.6125,1.0,0.504,0.8696,0.3656,0.000258,5,1680.4,50,30.0,2.533333333333333,18.0,,,0.6144,0,Passing
79bdf6773fe52c08470c97f7218ed3e9,372,80,146,0.2151,0.646,0.4695,1.0,0.5546,0.6023,0.0477,-0.000132,9,1036.31,39,30.0,4.333333333333333,15.0,,,0.5866,0,Passing
79d0360cd882c01f1ac008b3bb85feb3,449,147,151,0.3274,0.5067,0.4834,1.0,0.4636,0.3627,-0.101,-9.7e-05,6,1129.42,29,,,,,,,0,
7c960f55df3daa0b92903925d683ae1b,216,60,78,0.2778,0.5652,0.6539,1.0,0.5238,0.7536,0.2298,0.000252,6,1650.07,50,30.0,1.6666666666666667,6.0,,,0.34,1,At-Risk
7caf725460a122ea49d40b9e770f451b,258,76,91,0.2946,0.5449,0.3866,1.0,0.3531,,,0.000343,3,694.39,30,,,,,,0.0,1,At-Risk
7d3f2fed7faf3501554970cd3c0d724e,634,238,198,0.3754,0.4541,0.4367,1.0,0.4367,0.4578,0.0211,4.8e-05,12,1681.82,50,30.0,4.066666666666666,24.0,,,0.88,0,Excellent
7d95c1c55d84afc81845d9fb25c0cc0c,300,70,115,0.2333,0.6216,0.5593,1.0,0.5987,0.533,-0.0657,-7e-06,7,1702.95,50,30.0,2.2333333333333334,8.0,,,0.6144,0,Passing
7dd21654ce1c39ec7632d219e8e71f11,303,157,73,0.5182,0.3174,0.7421,1.0,0.7075,0.708,0.0005,5.7e-05,5,1679.42,50,30.0,1.4333333333333333,4.0,,,0.46,1,At-Risk
7e8dae845c0913d1bff36953378df627,1032,260,386,0.2519,0.5975,0.3499,1.0,0.367,0.3505,-0.0164,-7e-06,18,1710.7,44,24.0,8.583333333333334,36.0,,,0.5,0,Passing
7f041c0dc0bc74c00d04f562504d778a,299,65,117,0.2174,0.6429,0.5584,1.0,0.4576,0.6718,0.2142,0.000213,9,1676.86,50,30.0,2.5,13.0,,,0.7556,0,Good
7f52d05b03fa31d9fff9b51349efeef4,528,134,197,0.2538,0.5952,0.4972,1.0,0.5681,0.4397,-0.1285,-8.2e-05,10,1677.99,50,30.0,4.3,15.0,,,0.7979999999999999,0,Good
7fa2c598be3498baead8d1d2c4485ab9,349,175,87,0.5014,0.3321,0.5964,1.0,0.4784,0.8367,0.3584,0.000264,6,1709.78,40,30.0,2.1666666666666665,9.0,,,0.5,0,Passing
7ffd85d93a3e4de5c490d304ccd9f864,2,0,1,0.0,1.0,0.0769,0.0769,,,,,1,0.0,1,,,,,,,0,
804a73df74595024fef5c7082428a668,389,111,139,0.2853,0.556,0.5264,1.0,0.4803,0.5017,0.0214,2.9e-05,10,1630.44,50,30.0,2.7666666666666666,14.0,,,0.5529,0,Passing
8072f405471d085d0f9fec9e49f6790c,1158,470,344,0.4059,0.4226,0.2467,1.0,0.2657,0.2115,-0.0542,-2.6e-05,15,1687.64,48,29.0,8.344827586206897,31.0,,,0.5817,0,Passing
8171ac2c5544a5cb54ac0f38bf477af4,441,117,162,0.2653,0.5806,0.4333,1.0,0.4127,0.4454,0.0327,6.3e-05,11,1674.82,42,30.0,4.4,26.0,,,0.46,1,At-Risk
81a0c4689fb7ce553a0d5c2fd19b6efd,565,69,248,0.1221,0.7823,0.5276,1.0,0.5506,0.5198,-0.0308,-2.2e-05,15,1628.31,42,24.0,6.125,29.0,,,0.9,0,Excellent
81b1b300e54447e821ad2a2c690e296e,260,78,91,0.3,0.5385,0.6547,1.0,0.5948,0.7303,0.1355,0.000138,7,1601.88,50,30.0,1.7333333333333334,5.0,,,0.41,1,At-Risk
827f9b2d5830e0cf3d3987cc9b575eec,134,50,42,0.3731,0.4565,0.7582,1.0,0.7143,,,0.000176,3,674.45,30,,,,,,0.0,1,At-Risk
83d5a9ee8867f73d6f2c485d89296d1d,167,45,61,0.2695,0.5755,0.22,1.0,0.22,,,0.315313,2,2.53,10,,,,,,,0,
8425bc94a44e3d1bb3c8c026b2702c00,1225,453,386,0.3698,0.4601,0.3091,1.0,0.3314,0.259,-0.0724,-3.4e-05,15,1712.4,40,30.0,9.9,51.0,,,0.5760000000000001,0,Passing
8497c3b1d034ce7aaf059804b5c88db6,1345,525,410,0.3903,0.4385,0.2993,1.0,0.2197,0.4187,0.199,0.000193,16,1580.14,41,21.0,14.523809523809524,58.0,,,0.82,0,Good
8621cdddd12002436862912970737eda,370,122,124,0.3297,0.5041,0.5389,1.0,0.4359,0.8696,0.4337,0.000339,8,1700.24,50,30.0,3.3,12.0,,,0.76,0,Good
88591b4d3219675bdeb33584b755f680,622,182,220,0.2926,0.5473,0.4292,1.0,0.4696,0.3972,-0.0724,-8.3e-05,20,1770.5,50,30.0,4.566666666666666,15.0,,,0.491,1,At-Risk
89ea5cb67579289ce2b6a46c42e30424,1638,300,669,0.1832,0.6904,0.3294,1.0,0.3775,0.3383,-0.0392,-2.7e-05,29,1682.09,50,30.0,14.533333333333333,67.0,,,0.7759999999999999,0,Good
8a1df180ea2c0d298aa1d739fe720a0c,660,300,180,0.4545,0.375,0.3111,1.0,0.2405,0.481,0.2404,0.000205,13,1686.12,38,22.0,6.318181818181818,22.0,,,0.5,0,Passing
8a6cb96eabdd2be1fe1e8bf4043d385f,806,206,300,0.2556,0.5929,0.3675,1.0,0.408,0.3947,-0.0133,-5.4e-05,9,1615.81,47,30.0,7.633333333333334,42.0,,,0.86,0,Excellent
8a701b176cc140888936dad15c5d046a,492,148,172,0.3008,0.5375,0.4228,1.0,0.4298,0.3465,-0.0833,-7.9e-05,7,1151.86,40,,,,,,,0,
8ab84c57bf234ea2e3bf8330b47c2db1,582,112,235,0.1924,0.6772,0.5054,1.0,0.4704,0.5256,0.0552,3.1e-05,12,1680.46,50,30.0,5.533333333333333,27.0,,,0.82,0,Good
8ae7398026ed8f2172aefd6cbc856bc8,551,223,164,0.4047,0.4238,0.5617,1.0,0.4705,0.6688,0.1982,0.000174,9,1742.6,48,30.0,2.533333333333333,10.0,,,0.596,0,Passing
8be57c24680317c02843631b253179d8,869,287,291,0.3303,0.5035,0.3274,1.0,0.3267,0.3904,0.0637,1.7e-05,10,1681.12,48,30.0,7.266666666666667,25.0,,,0.6364,0,Passing
8be904ad045c578053fc6052578f9324,79,27,26,0.3418,0.4906,0.4533,1.0,0.4533,,,0.521014,1,0.67,10,,,,,,,0,
8c19f571e251e61cb8dd3612f26d5ecf,268,96,86,0.3582,0.4725,0.5665,1.0,0.4867,0.6111,0.1244,0.000126,7,1685.8,40,29.0,2.3448275862068964,9.0,,,0.36,1,At-Risk
8c9ffefacf5fdeb898460f35ce928ad0,137,67,35,0.4891,0.3431,0.0,0.0,0.0,,,0.0,1,0.72,2,,,,,,0.0,1,At-Risk
8cad09283d1d6c5fb08daec8a576a72d,77,7,35,0.0909,0.8333,0.8571,1.0,0.7692,0.8333,0.0641,8e-05,4,1126.03,30,20.0,1.15,3.0,,,0.31,1,At-Risk
8cb1f62625edb0977782ad3930d7d239,247,79,84,0.3198,0.5153,0.646,1.0,0.4934,0.8306,0.3373,0.000307,5,1583.49,48,30.0,2.0,15.0,,,0.6028,0,Passing
8d4e7eab99697d70f46a556ec9f8f966,77,27,25,0.3506,0.4808,0.8,1.0,0.7143,,,0.000289,2,676.38,20,,,,,,0.0,1,At-Risk
8db66f2fc805310b86589bd1aeaa2cd7,314,66,124,0.2102,0.6526,0.5267,1.0,0.598,0.6494,0.0514,8.3e-05,15,1682.5,43,23.0,3.782608695652174,10.0,,,0.6414,0,Passing
8ea9805479ddb07d9183081b059dd0d2,834,236,299,0.283,0.5589,0.4783,1.0,0.5149,0.457,-0.0579,-5.8e-05,15,1683.38,50,30.0,5.866666666666666,39.0,,,0.7617,0,Good
8ee30f15c1c633d3e1c8a9aae5cfda35,193,35,79,0.1813,0.693,0.465,1.0,0.4818,,,-0.000166,3,673.37,25,,,,,,0.0,1,At-Risk
8ef897e468650c19f3f31529712fc500,706,160,273,0.2266,0.6305,0.4222,1.0,0.4372,0.4853,0.0481,5.2e-05,14,1680.88,50,30.0,6.633333333333334,25.0,,,0.6117,0,Passing
8efe4ff08d6f51db0f7179fbef12f2f1,762,212,275,0.2782,0.5647,0.3964,1.0,0.4485,0.3711,-0.0773,-6.6e-05,12,1674.13,50,30.0,5.133333333333334,21.0,,,0.82,0,Good
8f48863757fe83ca146cbf93e37b1ab7,296,138,79,0.4662,0.3641,0.29,1.0,0.1693,0.5412,0.3719,0.000249,8,1708.82,23,7.0,7.142857142857143,12.0,,,0.34,1,At-Risk
901e70da072bc616caa6337421abe4ae,41,19,11,0.4634,0.3667,0.0,0.0,0.0,,,0.0,1,0.56,1,,,,,,0.0,1,At-Risk
907372450aa412b4647b9b8a64967f71,679,189,245,0.2784,0.5645,0.358,1.0,0.2858,0.3917,0.1059,9.2e-05,21,1681.46,37,17.0,5.882352941176471,15.0,,,0.7,0,Good
90c5841cb33b6ffdf75850044c595725,215,37,89,0.1721,0.7063,0.4241,1.0,0.6744,,,-0.00057,3,675.61,20,,,,,,0.0,1,At-Risk
91109a77036a730296d6305a9794fa13,1029,441,294,0.4286,0.4,0.3462,1.0,0.5085,0.2745,-0.2339,-0.000174,9,1638.76,50,30.0,5.833333333333333,27.0,,,0.9,0,Excellent
9111aa5bef3f0de7ffb46447f0fe687c,557,161,198,0.289,0.5515,0.3672,1.0,0.373,0.5335,0.1606,2.9e-05,10,1056.19,40,,,,,,,0,
9313f5e96e48503b676b16e2e0d41455,199,35,82,0.1759,0.7009,0.7213,1.0,0.6315,0.8033,0.1718,0.000217,7,1677.09,50,30.0,1.6,6.0,,,0.6859999999999999,0,Passing
93819e80e5e3693840fa1f2c327b51b5,520,130,195,0.25,0.6,0.4308,1.0,0.5499,0.3346,-0.2153,-0.00015,21,1610.14,50,30.0,3.066666666666667,8.0,,,0.71,0,Good
946af3555203afdb63e571b873e419f6,833,183,325,0.2197,0.6398,0.4307,1.0,0.4963,0.4701,-0.0262,-1.2e-05,13,1697.33,50,30.0,7.933333333333334,40.0,,,0.5817,0,Passing
95a372b63ab8641f092e77acc9bf468c,618,238,190,0.3851,0.4439,0.3247,1.0,0.3413,0.4799,0.1386,5.6e-05,8,1710.46,29,20.0,8.0,21.0,,,0.8967,0,Excellent
95a5a82212ea714ba2923f1bb3f1ffa1,178,84,47,0.4719,0.3588,0.347,1.0,,0.347,,0.190586,1,1.56,10,,,,,,0.94,0,Excellent
96fe1255e032940e2739e06072855b95,284,44,120,0.1549,0.7317,0.574,1.0,0.5568,0.5359,-0.0209,6e-06,7,1608.43,50,30.0,2.3666666666666667,8.0,,,0.64,0,Passing
97103cdf7b277304a7ceebd83c64fba1,601,201,200,0.3344,0.4988,0.3323,1.0,0.4968,0.285,-0.2118,-0.000142,18,1686.69,47,27.0,3.4444444444444446,11.0,,,0.69,0,Passing
97cbc42bf29a147e4a2c287664032734,1251,335,458,0.2678,0.5776,0.4717,1.0,0.4525,0.5917,0.1392,0.000114,10,1676.38,50,30.0,9.6,43.0,,,0.5544,0,Passing
988d51eda1be1cd7bcd704d83b0391f9,488,92,198,0.1885,0.6828,0.4668,1.0,0.5718,0.4745,-0.0973,-5.1e-05,9,1699.96,50,30.0,4.366666666666666,20.0,,,0.83,0,Good
993e2921b4681af69dd9c0baeb9225e2,378,86,146,0.2275,0.6293,0.5772,1.0,0.6944,0.5357,-0.1586,-0.000139,7,1696.61,50,30.0,2.9,8.0,,,0.8332999999999999,0,Good
9964364bfd2b38643a0b41b981c01f60,634,156,239,0.2461,0.6051,0.3238,1.0,0.2833,0.3266,0.0433,3.1e-05,13,1450.88,30,20.0,9.9,29.0,,,0.6644,0,Passing
9a4b930f7a36153ca68fdf211c8836a7,1379,527,426,0.3822,0.447,0.2512,1.0,0.2204,0.315,0.0945,0.000105,22,1711.82,50,30.0,9.766666666666667,44.0,,,0.68,0,Passing
9acf1b76f369030270de8f98f84d6707,129,13,58,0.1008,0.8169,0.7894,1.0,0.7224,0.8333,0.111,9.6e-05,4,1678.0,40,30.0,1.5,7.0,,,0.5939,0,Passing
9bc99c590be3511b8d53741684ef574c,237,67,85,0.2827,0.5592,0.7307,1.0,0.7307,0.6493,-0.0813,-0.000135,5,1679.14,50,30.0,1.3,5.0,,,0.6522,0,Passing
9c9744d143d2abbe041317b7b76f8e85,295,53,121,0.1797,0.6954,0.5944,1.0,0.557,0.6062,0.0492,7.2e-05,7,1676.91,50,,,,,,,0,
9dbffba2a03b29811719318b20070b4a,357,63,147,0.1765,0.7,0.5704,1.0,0.6534,0.5791,-0.0743,-4.4e-05,10,1646.04,50,30.0,3.066666666666667,13.0,,,0.7617,0,Good
9e52112668804599bae71e241e4b4548,264,36,114,0.1364,0.76,0.4224,1.0,0.5712,0.3617,-0.2095,-0.00015,12,1705.33,30,11.0,3.0,6.0,,,0.88,0,Excellent
9e6bc03970c47b5183cb2ee13799dcca,316,96,110,0.3038,0.534,0.5249,1.0,0.4494,0.6363,0.1869,0.000216,8,1606.3,46,30.0,2.466666666666667,14.0,,,0.8033,0,Good
9ed19fde2d99cd17ceafd0fe127f3176,157,59,49,0.3758,0.4537,0.237,1.0,0.237,,,0.000241,2,263.84,7,,,,,,0.0,1,At-Risk
9f3d342d38e036a9137ef3e270d9d79c,486,172,157,0.3539,0.4772,0.4454,1.0,0.3706,0.7333,0.3627,0.000375,19,1697.13,41,30.0,4.633333333333334,28.0,,,0.57,0,Passing
a0340694826ab06bae7fe3167683c669,43,9,17,0.2093,0.6538,0.5882,1.0,0.5882,,,2.758541,1,0.44,10,10.0,1.7,6.0,,,0.66,0,Passing
a0cce36de7a1457b6802255fcec69081,460,118,171,0.2565,0.5917,0.4404,1.0,0.397,0.5017,0.1046,0.000113,10,1750.9,50,30.0,3.8333333333333335,17.0,,,0.5821000000000001,0,Passing
a1d41c14c1d0aa9b9cc1e228d962fe42,119,21,49,0.1765,0.7,0.404,1.0,0.6589,,,-0.000618,3,674.48,16,16.0,3.0,17.0,,,0.8017,0,Good
a23f9327866d3bafd064964c9f0fcb6f,342,94,124,0.2749,0.5688,0.529,1.0,0.6345,0.5154,-0.1191,-0.000201,11,1697.06,36,30.0,3.2666666666666666,9.0,,,0.86,0,Excellent
a36d22467b9c3af222b5e231e3b23791,892,410,241,0.4596,0.3702,0.4292,1.0,0.3488,0.5268,0.178,0.000183,9,1659.2,50,30.0,5.0,26.0,,,0.8,0,Good
a382db0a40615cdbe363ae0b4b2eb262,1727,421,653,0.2438,0.608,0.3259,1.0,0.3275,0.3663,0.0388,6.2e-05,29,1684.24,50,30.0,13.3,67.0,,,0.7817000000000001,0,Good
a3d2924150c8fc0c437925e9bc080941,358,198,80,0.5531,0.2878,0.4404,1.0,0.2582,0.9091,0.6509,0.000686,4,1132.45,30,20.0,3.45,27.0,,,0.426,1,At-Risk
a3dfec8b6a89762b454f0b5e660c2e78,416,78,169,0.1875,0.6842,0.4709,1.0,0.6302,0.4543,-0.1759,-0.0001,8,1689.53,50,30.0,3.4,15.0,,,0.9,0,Excellent
a4546d484e137a6c92e317daae0e7131,776,184,296,0.2371,0.6167,0.3267,1.0,0.4031,0.332,-0.0711,8e-06,21,1428.08,40,20.0,9.2,24.0,,,0.8567,0,Excellent
a45613e8740e38fe7d019d79fbf8712b,903,217,343,0.2403,0.6125,0.3987,1.0,0.3966,0.5292,0.1326,9.9e-05,22,1657.5,50,30.0,7.566666666666666,27.0,,,0.7733,0,Good
a52fd55f42010405991a333187181f7e,458,114,172,0.2489,0.6014,0.4312,1.0,0.4491,0.4724,0.0233,-8e-06,10,1680.73,50,30.0,3.7666666666666666,10.0,,,0.6128,0,Passing
a64a1476544db9bd76a6d1f024a3a8c6,364,102,131,0.2802,0.5622,0.4781,1.0,0.4789,0.4753,-0.0036,9.2e-05,11,1734.0,50,30.0,2.6,7.0,,,0.7240000000000001,0,Good
a64a1476544db9bd76a6d1f024a3a8c6,364,102,131,0.2802,0.5622,0.4781,1.0,0.4789,0.4753,-0.0036,9.2e-05,11,1734.0,50,30.0,2.6,7.0,,,0.7240000000000001,0,Good
a65eb348fb03103dcd48530b52b996a7,469,117,176,0.2495,0.6007,0.5394,1.0,0.4738,0.5373,0.0636,7.5e-05,8,1773.6,50,30.0,3.1666666666666665,25.0,,,0.82,0,Good
a6a71cb59c7579f7039912b62d92e2f1,145,41,52,0.2828,0.5591,0.5985,1.0,0.6671,,,-0.000221,4,679.42,18,,,,,,,0,
a6ed9258d53b17bac9cfd263432af8fa,195,43,76,0.2205,0.6387,0.6692,1.0,0.6428,,,0.000116,5,669.67,30,,,,,,,0,
a70a600d7c593ca50cc6639cd64ed71a,453,109,172,0.2406,0.6121,0.4186,1.0,0.4563,0.3414,-0.1148,-8.9e-05,5,1165.0,37,27.0,4.481481481481482,12.0,,,0.76,0,Good
a7ce4026f43a4491f1284bb38d96f440,89,3,43,0.0337,0.9348,0.9284,1.0,1.0,0.8462,-0.1538,-0.00015,4,1119.61,39,29.0,1.0344827586206897,2.0,,,0.24,1,At-Risk
a82522020d282a227480d2929c6f8a04,65,17,24,0.2615,0.5854,0.5367,1.0,0.5367,,,1.359327,1,0.65,10,,,,,,,0,
a82ed528e2511d3232d2c92e274ffe31,819,211,304,0.2576,0.5903,0.3557,1.0,0.3671,0.4229,0.0558,2.8e-05,14,1697.33,42,30.0,7.733333333333333,27.0,,,0.94,0,Excellent
a8442efac020cf971575de816beb459e,196,84,56,0.4286,0.4,0.5724,1.0,0.5248,,,0.000497,2,672.93,16,,,,,,0.0,1,At-Risk
a8578be2fe9a67d039ee7b4f18697286,488,82,203,0.168,0.7123,0.4342,1.0,0.4042,0.4808,0.0766,3.1e-05,7,1703.56,50,30.0,4.566666666666666,48.0,,,0.904,0,Excellent
a95c40505b26d14572fa13eb4f2e7fe0,195,111,42,0.5692,0.2745,0.3101,1.0,0.3101,,,0.557586,1,1.08,10,,,,,,,0,
a9db15913897019149a2807337f4a0f8,297,105,96,0.3535,0.4776,0.5702,1.0,0.4418,0.6667,0.2249,0.000188,6,1631.5,50,30.0,2.2,14.0,,,0.36,1,At-Risk
aa8cb12cf9bdaf4c309614e7a427b480,278,54,112,0.1942,0.6747,0.4522,1.0,0.585,0.5424,-0.0426,-7.4e-05,4,1126.27,32,22.0,3.4545454545454546,12.0,,,0.96,0,Excellent
acb797b40a9632e6a031b31100b37630,151,17,67,0.1126,0.7976,0.8556,1.0,0.7448,0.9565,0.2117,0.000181,5,1683.01,50,30.0,1.4,5.0,,,0.76,0,Good
ad8d3a0a0f0a084a97fad357c649438c,102,28,37,0.2745,0.5692,0.427,1.0,0.427,,,0.180418,1,1.47,10,10.0,3.7,15.0,,,0.616,0,Passing
b083c8db8880429bba105c048a7ea1b6,433,169,132,0.3903,0.4385,0.5114,1.0,0.4598,0.6112,0.1513,0.000118,6,1680.83,48,28.0,2.8214285714285716,14.0,,,0.3717,1,At-Risk
b0e2ff951d07b244a06800304fb423f0,397,245,76,0.6171,0.2368,0.6014,1.0,0.505,0.6667,0.1617,0.000183,5,1094.74,40,,,,,,,0,
b0eec27361a2a03d4480b560df531df7,260,64,98,0.2462,0.6049,0.5145,1.0,0.5367,0.4618,-0.0749,-6.1e-05,4,1680.64,29,20.0,3.45,13.0,,,0.8006,0,Good
b326a08bb69d28ec5947c8438f12dd66,655,145,255,0.2214,0.6375,0.4258,1.0,0.4975,0.4117,-0.0858,-6.3e-05,8,1675.71,50,30.0,4.7,22.0,,,0.748,0,Good
b36fd154dd0df788b77b7cfe39200ba3,563,203,180,0.3606,0.47,0.4377,1.0,0.4099,0.4186,0.0087,-1.6e-05,6,1660.25,50,30.0,3.9,22.0,,,0.8172,0,Good
b42a32350172cd36370226a103aae213,28,2,13,0.0714,0.8667,0.8462,1.0,0.8462,,,2.185215,1,0.31,10,,,,,,,0,
b569502f473b890f9fcfc45b8a227baa,236,42,97,0.178,0.6978,0.7045,1.0,0.8119,0.6083,-0.2036,-8.6e-05,9,1584.77,50,30.0,1.9666666666666666,6.0,,,0.52,0,Passing
b57532bada44706da665a55d2ce2011e,334,134,100,0.4012,0.4274,0.537,1.0,0.5054,0.7391,0.2337,0.000127,9,1681.48,48,30.0,2.566666666666667,8.0,,,0.6964,0,Passing
b5bd9ec2c8ff3cb0c9f606c1a59ec4b9,368,46,161,0.125,0.7778,0.5768,1.0,0.9538,0.572,-0.3817,-8.8e-05,11,1700.77,40,20.0,4.15,13.0,,,0.8717,0,Excellent
b844b947d3f4f2829acc21c79ee6ef5e,445,119,163,0.2674,0.578,0.4568,1.0,0.5108,0.3577,-0.153,-0.000122,9,1687.94,40,23.0,3.9130434782608696,10.0,,,0.8,0,Good
b899ce5418c4ff13144e96c1af4d6306,750,204,273,0.272,0.5723,0.4226,1.0,0.4808,0.422,-0.0588,-5.3e-05,12,1677.55,50,30.0,6.0,58.0,,,0.86,0,Excellent
b9e255d57bdc3d30828bfd835b86749c,232,86,73,0.3707,0.4591,0.6626,1.0,0.4607,0.8696,0.4089,0.000321,7,1673.06,50,30.0,1.6666666666666667,6.0,,,0.45,1,At-Risk
bc0573e9c47c22585365c4c8351b46b1,765,337,214,0.4405,0.3884,0.2325,1.0,0.2325,,,-0.000798,2,291.58,11,,,,,,,0,
bcbf5e0ae48ef7e5439863381d1a69bf,1554,488,533,0.314,0.522,0.3865,1.0,0.3317,0.401,0.0693,5e-05,9,1672.97,50,30.0,10.966666666666667,40.0,,,0.82,0,Good
bf13848f7f02f488b2e12e009a8b0df3,3,1,1,0.3333,0.5,0.0,0.0,0.0,,,,1,0.0,1,,,,,,,0,
bfa20d86a59044ef90a4609dde03985c,1020,410,305,0.402,0.4266,0.2032,1.0,0.1975,0.2175,0.0201,2e-05,9,1705.78,48,28.0,7.214285714285714,24.0,,,0.6867,0,Passing
bfdaa03572493747c3b01ad7a0a5c973,220,68,76,0.3091,0.5278,0.6131,1.0,0.5119,0.6875,0.1756,0.000302,8,1132.87,40,,,,,,,0,
bfe6c14c945256de12a6add92c83b4d9,298,88,105,0.2953,0.544,0.4583,1.0,0.4872,0.5089,0.0217,9e-06,6,1684.3,42,26.0,2.923076923076923,9.0,,,0.6688,0,Passing
bffa67e3385cb95c2bd8c0a76d82c150,837,195,321,0.233,0.6221,0.3992,1.0,0.4577,0.3625,-0.0953,-0.000122,11,1150.02,37,,,,,,,0,
c27181a18d3b30d14d66a1a56c068548,584,138,223,0.2363,0.6177,0.4355,1.0,0.4655,0.5237,0.0582,8.9e-05,9,1633.0,50,30.0,4.833333333333333,34.0,,,0.765,0,Good
c2d6b7f8db832c0be60251cf412e35c5,352,86,133,0.2443,0.6073,0.4268,1.0,0.7857,0.3795,-0.4062,-0.000146,4,1679.33,40,20.0,3.3,13.0,,,0.85,0,Excellent
c2e8b74defb073cd8cf4e942136ea164,220,84,68,0.3818,0.4474,0.6284,1.0,0.4871,0.8315,0.3444,0.000211,4,1631.77,40,30.0,1.8,15.0,,,0.45,1,At-Risk
c310d9645160ce5cc084d231d24d20e5,311,101,105,0.3248,0.5097,0.5059,1.0,0.6267,0.3819,-0.2447,-7.8e-05,7,1679.47,50,30.0,1.6333333333333333,8.0,,,0.6429,0,Passing
c5383525e91474a4e5d7dcfee92c054f,789,131,329,0.166,0.7152,0.4064,1.0,0.4503,0.4348,-0.0155,-6e-06,15,1707.98,50,30.0,7.066666666666666,24.0,,,0.8332999999999999,0,Good
c5b86fa907b96e38e377ddfe82802cc6,487,107,190,0.2197,0.6397,0.3831,1.0,0.484,0.3937,-0.0903,-9e-05,9,1705.46,48,30.0,3.8666666666666667,12.0,,,0.6944,0,Passing
c5f79d384b8024d5adddb872f9651f38,338,142,98,0.4201,0.4083,0.3555,1.0,0.3016,0.1429,-0.1587,8.8e-05,7,1024.91,27,25.0,3.56,27.0,,,0.415,1,At-Risk
c5fe17b7a8d023ade2bbb05e574eef78,880,248,316,0.2818,0.5603,0.3698,1.0,0.5524,0.2736,-0.2788,-0.000158,14,1706.47,40,30.0,8.0,30.0,,,0.5489,0,Passing
c77409b2f7dabc444a533b98d9381690,154,36,59,0.2338,0.6211,0.8122,1.0,0.7471,0.8095,0.0624,0.000109,5,1676.88,47,30.0,1.2666666666666666,5.0,,,0.77,0,Good
c8720c9e82b818798e7b391fd62adf33,538,116,211,0.2156,0.6453,0.401,1.0,0.446,0.5898,0.1437,0.000159,9,1607.5,50,30.0,5.1,20.0,,,0.92,0,Excellent
c876914f82ce54cb533b186afd41166e,196,60,68,0.3061,0.5312,0.7461,1.0,0.6851,0.7194,0.0343,4.4e-05,5,1672.85,50,30.0,1.3,6.0,,,0.3704,1,At-Risk
c9bd2d5f2fb6cea41198dc6a2f817331,453,89,182,0.1965,0.6716,0.4915,1.0,0.4641,0.5996,0.1355,0.000125,10,1079.45,40,30.0,5.1,19.0,,,0.7468,0,Good
caeed832ab664f42bc7ebe8a0ea0edc6,415,87,164,0.2096,0.6534,0.4937,1.0,0.4077,0.5104,0.1027,0.000144,7,1680.07,44,24.0,4.875,25.0,,,0.7020000000000001,0,Good
cb03474483e366b5c8dd9f4a2a7537c1,829,271,279,0.3269,0.5073,0.3418,1.0,0.3126,0.3547,0.0421,2.3e-05,8,1682.3,50,30.0,4.866666666666666,44.0,,,0.693,0,Passing
cbd7fb1bba4de3486f76147a75f3ec89,770,284,243,0.3688,0.4611,0.2713,1.0,0.3084,0.3018,-0.0066,-3.3e-05,9,1127.36,40,30.0,5.766666666666667,20.0,,,0.53,0,Passing
cc70903297fe1e25537ae50aea186306,173,25,74,0.1445,0.7475,0.7929,1.0,0.7101,0.808,0.098,8.8e-05,5,1682.46,50,30.0,1.4,4.0,,,0.42,1,At-Risk
ccd44234c58cba8173f8ae706a0fce24,403,125,139,0.3102,0.5265,0.4772,1.0,0.3305,0.5173,0.1868,0.00016,9,1446.11,40,20.0,3.6,18.0,,,0.5961,0,Passing
ccf4769973f7658ac976a063527c4292,232,36,98,0.1552,0.7313,0.6774,1.0,0.6737,0.625,-0.0487,-3.8e-05,8,1682.45,50,30.0,2.2,8.0,,,0.825,0,Good
cd2018beeece5fb0a71a96308e567bde,1051,485,283,0.4615,0.3685,0.2452,1.0,0.2268,0.3743,0.1475,0.000125,9,1578.66,50,30.0,7.266666666666667,32.0,,,0.4979,1,At-Risk
ce6c92303f38d297e263c7180f03d402,129,7,61,0.0543,0.8971,0.8891,1.0,1.0,0.8,-0.2,-0.000148,5,1677.29,50,30.0,1.1666666666666667,3.0,,,0.4,1,At-Risk
cf3c6554ad00bedbfcad15f7ea7d5879,329,91,119,0.2766,0.5667,0.4717,1.0,0.3395,0.7143,0.3748,0.000307,6,1750.37,50,,,,,,0.0,1,At-Risk
cfa932116e1a833196044a79151ccba3,1566,714,426,0.4559,0.3737,0.3015,1.0,0.318,0.3035,-0.0145,1.2e-05,9,1678.42,50,30.0,10.033333333333333,47.0,,,0.78,0,Good
cfcfc30e3761dbef9fa08c44799f5ae5,22,8,7,0.3636,0.4667,0.0,0.0,0.0,,,0.0,1,0.27,1,,,,,,0.0,1,At-Risk
d07d8b37dae3d7092c9f0c88945f0b6e,219,69,75,0.3151,0.5208,0.3511,1.0,0.3511,,,0.000775,3,287.22,13,13.0,5.769230769230769,14.0,,,0.7983,0,Good
d0a17b281c3e4eaef6718d891e38cb42,185,63,61,0.3405,0.4919,0.8749,1.0,0.8519,0.8519,-0.0,-6e-06,5,1753.79,50,30.0,1.1333333333333333,3.0,,,0.34,1,At-Risk
d14220ee66aeec73c49038385428ec4c,115,25,45,0.2174,0.6429,0.7131,1.0,0.7239,,,8e-05,3,671.32,29,29.0,1.5172413793103448,5.0,,,0.4522,1,At-Risk
d169e16da608a6a8d61bc64a2d333e8a,811,341,235,0.4205,0.408,0.3143,1.0,0.2502,0.4838,0.2336,0.000228,10,1694.72,50,30.0,5.8,27.0,,,0.7111,0,Good
d185c5ed37536ac0063f735f7a15dd24,718,242,238,0.337,0.4958,0.4016,1.0,0.4546,0.4108,-0.0437,-4.8e-05,15,1733.59,49,29.0,4.482758620689655,15.0,,,0.9,0,Excellent
d29af1fd577b037033dd1149e816d521,351,111,120,0.3162,0.5195,0.4527,1.0,0.4498,0.9405,0.4906,0.000204,6,1687.84,40,30.0,3.5,15.0,,,0.92,0,Excellent
d37eb50d868361ea729bb4147eb3c1d8,73,15,29,0.2055,0.6591,0.6852,1.0,0.7592,0.625,-0.1342,-0.000119,2,1127.5,20,10.0,1.3,3.0,,,0.5367000000000001,0,Passing
d45959550312221e15fde04690b18acd,6,2,2,0.3333,0.5,0.0,0.0,0.0,,,,1,0.05,1,,,,,,,0,
d7419ae04f248e5105ac3d0700389775,983,355,314,0.3611,0.4694,0.243,1.0,0.2479,0.2378,-0.0101,9e-06,13,1420.01,36,19.0,8.736842105263158,41.0,,,0.7243999999999999,0,Good
d77314b5c23c087d9b5ed587e88800d2,594,116,239,0.1953,0.6732,0.4683,1.0,0.4331,0.484,0.0509,3.7e-05,19,1594.12,50,30.0,4.533333333333333,28.0,,,0.9,0,Excellent
d843407a1a701630bb297c1148229eff,335,131,102,0.391,0.4378,0.4865,1.0,0.4155,0.4762,0.0607,0.000238,4,1028.57,40,30.0,2.6333333333333333,21.0,,,0.49,1,At-Risk
d8ec7fefbec9864f0453074a21fc2067,368,162,103,0.4402,0.3887,0.4453,1.0,0.468,0.4231,-0.0449,3e-05,5,1675.08,40,20.0,2.35,16.0,,,0.5811,0,Passing
d90d801833a681b169e4f86c64784cdd,119,25,47,0.2101,0.6528,0.4656,1.0,0.4656,,,0.041435,1,1.11,10,,,,,,,0,
d99fa3a9dd5df426e62b19597322920a,253,51,101,0.2016,0.6645,0.6116,1.0,0.4872,0.75,0.2628,0.000244,6,1682.85,36,20.0,3.5,15.0,,,0.3677,1,At-Risk
da441fc259bec560a67460b17f4b657e,834,216,309,0.259,0.5886,0.4929,1.0,0.596,0.5026,-0.0935,-7.1e-05,19,1689.44,50,30.0,6.2,29.0,,,0.7137,0,Good
dbc50898cf582dfebd6d7adf4eaf9eb6,373,55,159,0.1475,0.743,0.477,1.0,0.613,0.491,-0.122,-0.000101,14,1679.47,43,24.0,3.75,11.0,,,0.88,0,Excellent
dbfce512dcdabc6b6e2724b6ec44efda,314,120,97,0.3822,0.447,0.5419,1.0,0.6162,0.6389,0.0227,8.5e-05,4,1361.8,40,20.0,3.1,11.0,,,0.84,0,Good
dc1913d422398c25c5f0b81cab94cc87,518,144,187,0.278,0.565,0.4342,1.0,0.4169,0.4075,-0.0093,5.1e-05,11,1670.47,46,26.0,4.6923076923076925,19.0,,,0.762,0,Good
dc5631bb775757e5ae1e430034ad1a21,987,355,316,0.3597,0.4709,0.3149,1.0,0.3204,0.3459,0.0255,2.7e-05,12,1675.63,50,30.0,6.733333333333333,22.0,,,0.77,0,Good
dcf531edc9b229acfe0f4b87e1e278dd,193,57,68,0.2953,0.544,0.7647,1.0,0.6774,0.84,0.1626,0.000108,5,1679.8,50,30.0,1.4,4.0,,,0.62,0,Passing
ddeebdeefdb7e7e7a697e1c3e3d8ef54,302,86,108,0.2848,0.5567,0.4372,1.0,0.324,0.7692,0.4453,0.000351,11,1707.58,40,30.0,3.1333333333333333,18.0,,,0.52,0,Passing
def130d0b67eb38b7a8f4e7121ed432c,324,86,119,0.2654,0.5805,0.5424,1.0,0.494,0.5082,0.0141,1e-06,6,1680.14,50,30.0,2.3333333333333335,11.0,,,0.85,0,Excellent
def14e8541708294d7558fdf2126ef27,587,217,185,0.3697,0.4602,0.367,1.0,0.2757,0.4565,0.1808,0.000136,10,1680.22,40,20.0,5.5,23.0,,,0.7917000000000001,0,Good
df438e5206f31600e6ae4af72f2725f1,198,44,77,0.2222,0.6364,0.4999,1.0,0.6479,0.3174,-0.3305,-0.000312,5,1126.07,32,22.0,1.9090909090909092,4.0,,,0.6061,0,Passing
dff70232bcd2396f4a6c7bb57dab3e87,427,131,148,0.3068,0.5305,0.4062,1.0,0.4615,0.3434,-0.1181,-9.6e-05,7,1729.79,50,30.0,3.1,10.0,,,0.6661,0,Passing
e1f9b39289e1893622852cf8de6e14db,365,57,154,0.1562,0.7299,0.5344,1.0,0.5999,0.5267,-0.0732,-5.4e-05,9,1710.69,50,30.0,3.0,11.0,,,0.92,0,Excellent
e2a95f085fcfbe679d6915921ce6603f,528,148,190,0.2803,0.5621,0.363,1.0,0.4031,0.3472,-0.0559,-3.7e-05,14,1197.0,40,30.0,4.333333333333333,16.0,,,0.8217,0,Good
e2d083a5fd066b082d93042169313e21,1296,410,443,0.3164,0.5193,0.3445,1.0,0.3158,0.4102,0.0944,7.4e-05,12,1711.13,50,30.0,8.933333333333334,31.0,,,0.68,0,Passing
e3edca0f6e68bfb76eaf26a8eb6dd94b,685,225,230,0.3285,0.5055,0.4249,1.0,0.4276,0.4289,0.0013,3.4e-05,12,1687.74,50,30.0,5.566666666666666,28.0,,,0.84,0,Good
e4191d610537305de1d294adb121b513,473,109,182,0.2304,0.6254,0.451,1.0,0.4098,0.7121,0.3024,0.000151,14,1703.48,50,30.0,5.0,41.0,,,0.7661,0,Good
e5815151957be36ad2085b7a1a02c5cc,924,368,278,0.3983,0.4303,0.2379,1.0,0.2739,0.3212,0.0473,5e-05,26,937.72,26,17.0,11.411764705882353,40.0,,,0.64,0,Passing
e620a25ae37b9a8ba0362d5f02343161,466,206,130,0.4421,0.3869,0.5083,1.0,0.5733,0.7209,0.1475,0.000127,8,1701.77,50,30.0,3.1333333333333333,11.0,,,0.7633,0,Good
e86c39706a2a5033ed14f935353f015e,204,42,81,0.2059,0.6585,0.702,1.0,0.6248,0.7143,0.0895,7.1e-05,8,1652.43,50,30.0,1.7333333333333334,7.0,,,0.44,1,At-Risk
e875a3ad4f52e44482240713d709930e,152,30,61,0.1974,0.6703,0.7226,1.0,0.6508,0.8333,0.1825,0.000159,4,1680.98,40,30.0,1.6,5.0,,,0.42,1,At-Risk
e8cb5f581442030021d62fd780fa674d,774,264,255,0.3411,0.4913,0.4074,1.0,0.3425,0.5559,0.2134,0.0002,9,1578.37,50,30.0,5.733333333333333,24.0,,,0.9,0,Excellent
e8dc153260a59d4f236cfd7439d5dfd3,261,41,110,0.1571,0.7285,0.6094,1.0,0.5031,0.8311,0.328,0.000255,5,1681.29,50,30.0,2.8333333333333335,22.0,,,0.8,0,Good
eb6bdd281dfc2688a42174679b8e5bbd,510,132,189,0.2588,0.5888,0.5032,1.0,0.6041,0.5874,-0.0168,3.6e-05,19,1613.67,50,30.0,4.0,16.0,,,0.88,0,Excellent
eb6dc8aba23375061b6f07b137617096,157,11,73,0.0701,0.869,0.7358,1.0,0.6544,0.7432,0.0888,9e-05,5,1584.32,50,30.0,1.4333333333333333,8.0,,,0.3594,1,At-Risk
ed58966527f3896422f854dc5d703513,75,9,33,0.12,0.7857,0.5091,1.0,0.7665,0.2946,-0.4718,-0.000349,3,1685.46,16,10.0,1.5,4.0,,,0.67,0,Passing
edfccb5cf44f7c2c385f8d4470117a0d,63,5,29,0.0794,0.8529,0.643,1.0,0.7378,,,-0.000513,3,672.27,12,12.0,2.4166666666666665,6.0,,,0.76,0,Good
eeb358fcbf46e89566ad3fe0707820a0,484,156,164,0.3223,0.5125,0.4654,1.0,0.3582,0.4798,0.1216,0.000147,10,1675.74,50,30.0,2.8333333333333335,35.0,,,0.6783,0,Passing
eebe038e47780c96e2762b5e2003cef7,648,204,222,0.3148,0.5211,0.4233,1.0,0.462,0.4359,-0.0261,-4.5e-05,13,1697.07,43,30.0,5.133333333333334,18.0,,,0.92,0,Excellent
ef6fe50336005eee1e8e9093bfe576ae,37,5,16,0.1351,0.7619,0.7148,1.0,0.7148,,,-0.333243,1,1.57,10,,,,,,,0,
ef95afafde712120bb708d12b6217a9a,926,242,342,0.2613,0.5856,0.3185,1.0,0.3959,0.3975,0.0016,9.7e-05,20,1677.92,42,22.0,10.409090909090908,33.0,,,0.6583,0,Passing
efb534de6f86b9996e556b05ddf72357,220,66,77,0.3,0.5385,0.7256,1.0,0.7324,0.7242,-0.0082,8.8e-05,6,1662.82,50,30.0,1.4333333333333333,4.0,,,0.4514,1,At-Risk
effaa633fc27abdde0023af10ac9685e,379,113,133,0.2982,0.5407,0.3194,1.0,0.3491,0.4464,0.0972,1.8e-05,12,1740.05,32,22.0,5.0,11.0,,,0.435,1,At-Risk
effbafd134873f47f49c740581fb1854,416,132,142,0.3173,0.5182,0.4997,1.0,0.458,0.4675,0.0095,2.6e-05,6,1604.56,50,30.0,2.966666666666667,11.0,,,0.88,0,Excellent
f0935e4cd5920aa6c7c996a5ee53a70f,101,9,46,0.0891,0.8364,0.6101,1.0,0.6101,,,-0.000768,2,289.95,20,20.0,2.3,11.0,,,0.81,0,Good
f0cd63afa3dd55eb9f7857db09d52ce3,243,59,92,0.2428,0.6093,0.62,1.0,0.5314,0.7692,0.2378,0.000212,8,1704.47,50,30.0,2.0,13.0,,,0.37,1,At-Risk
f18374bf891c9af64c8570448824202d,87,1,43,0.0115,0.9773,0.7318,1.0,0.6562,,,5.5e-05,3,670.07,30,,,,,,,0,
f2a58d530f82792e08c9ffb0e7f0ee1f,255,45,105,0.1765,0.7,0.5857,1.0,0.4398,0.7507,0.3109,0.000267,6,1660.45,40,20.0,3.7,10.0,,,0.89,0,Excellent
f40a635828e2bffd0a598a7ed621fc93,656,152,252,0.2317,0.6238,0.4994,1.0,0.4614,0.4992,0.0378,2.3e-05,16,1593.22,50,30.0,4.6,46.0,,,0.88,0,Excellent
f416d0fbce436dde50730df3a12bba3b,24,16,4,0.6667,0.2,0.0,0.0,0.0,,,0.0,1,0.03,1,1.0,4.0,4.0,,,0.32,1,At-Risk
f417d05af72b37f956c906aea42d1511,722,310,206,0.4294,0.3992,0.2863,1.0,0.418,0.2073,-0.2107,-0.000207,6,1680.83,41,29.0,4.620689655172414,21.0,,,0.82,0,Good
f4db8537e9d75da46c4efc36a2d70956,358,126,116,0.352,0.4793,0.5983,1.0,0.7408,0.547,-0.1939,-0.000128,5,1612.05,50,30.0,1.7,5.0,,,0.431,1,At-Risk
f65854da4622c1f1ad4ffeb361d7703c,160,34,63,0.2125,0.6495,0.6765,1.0,0.7407,0.6283,-0.1124,-2e-05,4,1681.38,40,20.0,1.35,3.0,,,0.84,0,Good
f677ea36b7d540cd51261e6f68f3a7a0,463,147,158,0.3175,0.518,0.1867,1.0,0.2761,,,-0.000424,4,409.45,20,,,,,,,0,
f683900ca17bd492ad987ecf64e8ace6,537,199,169,0.3706,0.4592,0.3858,1.0,0.3426,0.3629,0.0203,-1.3e-05,8,1588.52,50,30.0,3.1666666666666665,11.0,,,0.6570999999999999,0,Passing
f7822db99574164a13b2d64a8b917105,560,146,207,0.2607,0.5864,0.3964,1.0,0.4455,0.4694,0.0239,2.6e-05,11,1651.5,50,30.0,4.666666666666667,20.0,,,0.9,0,Excellent
f78a3fbff320d57c670af3fcdafebc7e,805,225,290,0.2795,0.5631,0.303,1.0,0.357,0.2431,-0.1139,-8.6e-05,30,1678.6,50,30.0,6.433333333333334,32.0,,,0.5535,0,Passing
f812291e86e5d515984dc44cf9d41ac3,798,226,286,0.2832,0.5586,0.3148,1.0,0.359,0.3568,-0.0023,-1.6e-05,24,1586.79,32,,,,,,0.0,1,At-Risk
f827b5406c7aa5b4fe10062ae06a137b,338,102,118,0.3018,0.5364,0.5172,1.0,0.5018,0.4989,-0.003,1.3e-05,5,1683.84,50,30.0,2.1,7.0,,,0.92,0,Excellent
f892447540d0e840049183faa3109b1b,382,96,143,0.2513,0.5983,0.5983,1.0,0.5536,0.5767,0.0231,0.0001,14,1726.35,50,30.0,3.033333333333333,14.0,,,0.361,1,At-Risk
fa28c6cdf8dd6f41a657c3d7caa5c709,217,83,67,0.3825,0.4467,0.7705,1.0,0.7208,0.8333,0.1125,9.8e-05,5,1619.9,50,30.0,1.4333333333333333,6.0,,,0.24,1,At-Risk
fc5f86251458722c799d1830fa0c2c1f,787,363,212,0.4612,0.3687,0.3062,1.0,0.2668,0.3933,0.1264,0.000169,8,1203.29,40,30.0,5.933333333333334,37.0,,,0.48,1,At-Risk
fc75d7ec538864978b5833d6a675c768,124,36,44,0.2903,0.55,0.4912,1.0,0.4933,,,-1.2e-05,2,670.02,15,15.0,2.933333333333333,7.0,,,0.2806,1,At-Risk
fda6baab618b39821b678bd52ff26428,817,247,285,0.3023,0.5357,0.3426,1.0,0.3003,0.3777,0.0774,5.6e-05,7,1686.8,39,29.0,6.758620689655173,22.0,,,0.86,0,Excellent
feae21bb32b7b4aa690fab151b60b598,209,75,67,0.3589,0.4718,0.8334,1.0,0.6825,0.96,0.2775,0.000244,6,1579.85,50,30.0,1.3666666666666667,9.0,,,0.59,0,Passing
ffb72475a81de0e95b910ffad039f5c2,744,290,227,0.3898,0.4391,0.3668,1.0,0.3577,0.3428,-0.0148,3.7e-05,13,1697.28,40,20.0,4.2,28.0,,,0.6817,0,Passing
